{"max_iter": 45223, "penalty": "none", "alpha": 0.0005504019083166234, "tol": 5.506313684812958e-05}