{"max_iter": 4588, "penalty": "l1", "alpha": 0.0005217410019639955, "tol": 0.0009614388049525053}