{"max_iter": 98394, "penalty": "none", "alpha": 0.0008483795725242544, "tol": 0.0008068799906981357}