{"max_iter": 58876, "penalty": "none", "alpha": 0.0007313049068995408, "tol": 0.000984629036756565}