{"max_iter": 37244, "penalty": "none", "alpha": 0.0008756695261670803, "tol": 0.0008706009511387022}