{"max_iter": 34076, "penalty": "l2", "alpha": 0.00010552421189512374, "tol": 0.0001820840221804111}