{"max_iter": 59618, "penalty": "l1", "alpha": 0.0003539302624021352, "tol": 0.0005214305456505354}