{"max_iter": 5677, "penalty": "none", "alpha": 0.0006928018536465749, "tol": 0.00020961119271622209}