{"max_iter": 94591, "penalty": "l1", "alpha": 0.0002606570988744837, "tol": 0.00035332981251787497}