{"max_iter": 13113, "penalty": "elasticnet", "alpha": 0.00011211868611037762, "tol": 0.0008261160000167805}