{"max_iter": 83061, "penalty": "none", "alpha": 0.00013019635596972563, "tol": 0.0006978051268325359}