{"max_iter": 66567, "penalty": "l1", "alpha": 0.00036234778432496083, "tol": 6.72149323326926e-05}