{"max_iter": 8368, "penalty": "l1", "alpha": 0.0007004021231804343, "tol": 7.711688276746043e-05}