{"max_iter": 56022, "penalty": "elasticnet", "alpha": 0.00013698135761751207, "tol": 0.00021869472586427596}