{"max_iter": 16943, "penalty": "elasticnet", "alpha": 0.0009636650422121265, "tol": 0.0001648432208551779}