{"max_iter": 78407, "penalty": "elasticnet", "alpha": 0.0003781964297631218, "tol": 0.0007580178095981011}