{"max_iter": 89499, "penalty": "l1", "alpha": 0.0004297267814097942, "tol": 0.00016392973122594313}