{"max_iter": 46593, "penalty": "l1", "alpha": 0.0007651737381878206, "tol": 0.0009445000910332292}