{"max_iter": 74390, "penalty": "none", "alpha": 9.284240815505666e-05, "tol": 0.00027090065534647557}