{"max_iter": 44925, "penalty": "elasticnet", "alpha": 0.0003427595055728128, "tol": 3.3062977721278753e-06}