{"max_iter": 7149, "penalty": "none", "alpha": 0.00019661738910249255, "tol": 0.0007376307582976941}