{"max_iter": 46998, "penalty": "elasticnet", "alpha": 0.0005104745455975163, "tol": 0.0005110246952598666}