{"max_iter": 34477, "penalty": "elasticnet", "alpha": 2.9579626012816132e-05, "tol": 7.398004914180089e-05}