{"max_iter": 9265, "penalty": "none", "alpha": 2.4445809217666163e-05, "tol": 0.0007038428022819954}