{"max_iter": 6617, "penalty": "l1", "alpha": 3.216561108074385e-05, "tol": 8.722420164434219e-05}