{"max_iter": 16046, "penalty": "elasticnet", "alpha": 0.0007289177507461542, "tol": 0.0006806626240452002}