{"max_iter": 8949, "penalty": "l2", "alpha": 0.0004770094318770642, "tol": 0.0009294144368161418}