{"max_iter": 31398, "penalty": "l2", "alpha": 0.0009724271795373026, "tol": 0.000687654984458291}