{"max_iter": 28199, "penalty": "elasticnet", "alpha": 0.00023781292414144092, "tol": 0.0007368422437169605}