{"max_iter": 27791, "penalty": "elasticnet", "alpha": 0.0006922467691033225, "tol": 0.0007435350064143198}