{"max_iter": 25216, "penalty": "l2", "alpha": 0.0001934036302037367, "tol": 0.00016727095415578874}