{"max_iter": 23160, "penalty": "l1", "alpha": 0.0006705212123325707, "tol": 0.0007146394509354777}