{"max_iter": 58585, "penalty": "elasticnet", "alpha": 0.0007393259040077181, "tol": 3.7638983330834374e-07}