{"max_iter": 7698, "penalty": "l2", "alpha": 0.00018044143897929588, "tol": 0.00043465072505217376}