{"max_iter": 78306, "penalty": "elasticnet", "alpha": 0.00016695069995776234, "tol": 0.00023670953806011286}