{"max_iter": 95484, "penalty": "l1", "alpha": 0.00044646161724158336, "tol": 0.000506041779889072}