{"max_iter": 66849, "penalty": "l2", "alpha": 0.00017689899925581122, "tol": 0.000288323534159035}