{"max_iter": 71115, "penalty": "l2", "alpha": 0.00021211052955292148, "tol": 0.000876304506419801}