{"max_iter": 47692, "penalty": "l2", "alpha": 0.0007096846015625856, "tol": 0.0006648233422620401}