{"max_iter": 92835, "penalty": "none", "alpha": 0.0008992320857048862, "tol": 0.000795396010286165}