{"max_iter": 55101, "penalty": "elasticnet", "alpha": 0.00023178053881041085, "tol": 0.000362231644060813}