{"max_iter": 83110, "penalty": "l2", "alpha": 0.00041771037983982535, "tol": 1.1028939574975416e-05}