{"max_iter": 3138, "penalty": "none", "alpha": 1.4385546878879244e-05, "tol": 0.0002536688936008861}