{"max_iter": 65656, "penalty": "l1", "alpha": 9.466250707676493e-05, "tol": 0.00015977067876215024}