{"max_iter": 21724, "penalty": "l1", "alpha": 9.071401052558627e-05, "tol": 6.263150333554168e-05}