{"max_iter": 72728, "penalty": "l2", "alpha": 0.0007048310186408208, "tol": 0.000961641780397933}