{"max_iter": 26351, "penalty": "elasticnet", "alpha": 0.0007031871812404994, "tol": 0.00027256424441153527}