{"max_iter": 3798, "penalty": "l2", "alpha": 0.0003916523093994232, "tol": 0.0006945653991447276}