{"max_iter": 20137, "penalty": "none", "alpha": 0.0008951008620904, "tol": 0.0006681692838628514}