{"max_iter": 39407, "penalty": "l1", "alpha": 0.0002730287143772332, "tol": 4.260922326947425e-05}