{"max_iter": 67023, "penalty": "l2", "alpha": 8.898925359151267e-05, "tol": 0.000305404086936752}