{"max_iter": 66020, "penalty": "elasticnet", "alpha": 0.0009027108609100336, "tol": 0.0005885560745266132}