{"max_iter": 54777, "penalty": "l2", "alpha": 0.0005182513372596107, "tol": 3.1225485903572884e-05}