{"max_iter": 28219, "penalty": "l1", "alpha": 0.0005008553524704118, "tol": 0.0006764403203239849}