{"max_iter": 9437, "penalty": "none", "alpha": 0.000379549422195734, "tol": 0.0006543659616767621}