{"max_iter": 89652, "penalty": "none", "alpha": 6.56055835973702e-05, "tol": 0.0005810798119067004}