{"max_iter": 67228, "penalty": "none", "alpha": 0.0008547752146128285, "tol": 0.00099205769782313}