{"max_iter": 85462, "penalty": "l2", "alpha": 0.0003204291756904261, "tol": 0.0008925720975445365}