{"max_iter": 59660, "penalty": "none", "alpha": 6.198988002712662e-05, "tol": 0.0005428589025615516}