{"max_iter": 58302, "penalty": "l1", "alpha": 3.0170209257784207e-05, "tol": 0.0006824767141175334}