{"max_iter": 88001, "penalty": "elasticnet", "alpha": 0.0005380899480490326, "tol": 0.0007146064580530741}