{"max_iter": 19688, "penalty": "elasticnet", "alpha": 0.00027655640985197583, "tol": 0.0008442706582185189}