{"max_iter": 95568, "penalty": "l2", "alpha": 0.0004954951444718673, "tol": 0.00039776340775168374}