{"max_iter": 66158, "penalty": "l1", "alpha": 0.0005525708713062908, "tol": 0.00012926795511354993}