{"max_iter": 97345, "penalty": "l1", "alpha": 0.0006073993394463886, "tol": 0.0002026637515038643}