{"max_iter": 19988, "penalty": "l1", "alpha": 0.0009162734836581483, "tol": 0.00015317683991038355}