{"max_iter": 66072, "penalty": "elasticnet", "alpha": 0.0007008649682590548, "tol": 0.00099820652474073}