{"max_iter": 26557, "penalty": "l2", "alpha": 0.00021265966209634818, "tol": 4.000975747397439e-06}