{"max_iter": 35674, "penalty": "l1", "alpha": 0.00027673568335318785, "tol": 0.0007544082496839423}