{"max_iter": 56741, "penalty": "elasticnet", "alpha": 0.0008250401141347661, "tol": 0.00014862017447436537}