{"max_iter": 46089, "penalty": "none", "alpha": 2.118228838740721e-05, "tol": 0.0006841870825953154}