{"max_iter": 83750, "penalty": "none", "alpha": 0.0002539958791653917, "tol": 0.0002487382758105088}