{"max_iter": 71573, "penalty": "l1", "alpha": 0.0006420899690132949, "tol": 0.0006204327800262947}