{"max_iter": 8785, "penalty": "l2", "alpha": 0.0006194953695390276, "tol": 0.0001997240643184457}