{"max_iter": 35511, "penalty": "l1", "alpha": 0.0006013020007538039, "tol": 3.80168007402556e-05}