{"max_iter": 55300, "penalty": "elasticnet", "alpha": 0.0005230783946171302, "tol": 0.0002336069934611611}