{"max_iter": 27032, "penalty": "none", "alpha": 4.9276336188954836e-05, "tol": 0.00039574936183600976}