{"max_iter": 10154, "penalty": "l1", "alpha": 4.6365124629916e-05, "tol": 0.0004854384326402914}