{"max_iter": 97650, "penalty": "l1", "alpha": 0.0006510278218487199, "tol": 0.0005774315525552643}