{"max_iter": 78170, "penalty": "l2", "alpha": 0.0008917864096242575, "tol": 0.00036241699809103203}