{"max_iter": 40672, "penalty": "none", "alpha": 0.0008920571843398395, "tol": 0.0008791217999437157}