{"max_iter": 24531, "penalty": "none", "alpha": 0.0006862471301161756, "tol": 0.00010584154598660545}