{"max_iter": 86271, "penalty": "none", "alpha": 0.00048253555833079536, "tol": 0.00048358618113948605}