{"max_iter": 48655, "penalty": "l1", "alpha": 0.0001418295592867044, "tol": 1.5455745715256208e-05}