{"max_iter": 66282, "penalty": "l1", "alpha": 0.0007686381335467922, "tol": 0.0009959809400050493}