{"max_iter": 67976, "penalty": "elasticnet", "alpha": 0.0005817237577391682, "tol": 0.000774189425705582}