{"max_iter": 19274, "penalty": "l1", "alpha": 0.0005980502411191275, "tol": 1.817651664760489e-05}