{"max_iter": 98574, "penalty": "none", "alpha": 0.00044064344558849086, "tol": 0.00044050597733802653}