{"max_iter": 76125, "penalty": "elasticnet", "alpha": 0.00037058748249319364, "tol": 0.0006210586620518789}