{"max_iter": 60512, "penalty": "elasticnet", "alpha": 0.0004271658270771834, "tol": 0.0004107721368620403}