{"max_iter": 75802, "penalty": "none", "alpha": 0.00022850676086477167, "tol": 0.00016962958409792405}