{"max_iter": 79464, "penalty": "elasticnet", "alpha": 0.000353071531788658, "tol": 0.0008723054547445346}