{"max_iter": 8159, "penalty": "none", "alpha": 0.00037739246804634896, "tol": 0.0007395750343229334}