{"max_iter": 32324, "penalty": "elasticnet", "alpha": 0.0007930321387914267, "tol": 0.00015748157588269874}