{"max_iter": 98309, "penalty": "l2", "alpha": 0.00011639796663452751, "tol": 0.0005372300571869551}