{"max_iter": 97168, "penalty": "none", "alpha": 0.00038021259921089303, "tol": 0.0009538935491546766}