{"max_iter": 73692, "penalty": "none", "alpha": 8.007287804724705e-05, "tol": 0.0004519820072150972}