{"max_iter": 3119, "penalty": "none", "alpha": 0.00010378097422339979, "tol": 0.00029929511444256495}