{"max_iter": 95019, "penalty": "l2", "alpha": 0.000701735789842673, "tol": 0.0007207357304536186}