{"max_iter": 51228, "penalty": "elasticnet", "alpha": 0.0007824997721023344, "tol": 0.0002550259302986085}